Timestamp,IP,Port,SlaveID,Register,Value
2026-07-20 16:09:40,192.168.0.107,502,1,30001,241.0
2026-07-20 16:09:51,192.168.0.107,502,1,30001,241.0
2026-07-20 16:10:04,192.168.0.107,502,1,1,241.0
2026-07-20 20:17:08,192.168.0.107,502,1,1,241.0
2026-07-20 20:17:13,192.168.0.107,502,1,1,241.0
2026-07-20 20:17:15,192.168.0.107,502,1,1,241.0
2026-07-20 20:17:17,192.168.0.107,502,1,1,328.5287170410156
2026-07-20 20:17:23,192.168.0.107,502,1,1,241.0
2026-07-20 20:17:25,192.168.0.107,502,1,1,241.0
2026-07-20 20:17:27,192.168.0.107,502,1,1,328.5287170410156
2026-07-20 20:17:30,192.168.0.107,502,1,1,241.0
2026-07-20 20:17:32,192.168.0.107,502,1,1,328.5287170410156
2026-07-20 20:17:34,192.168.0.107,502,1,1,241.0
2026-07-20 20:17:36,192.168.0.107,502,1,1,328.5287170410156
2026-07-20 20:17:39,192.168.0.107,502,1,1,241.0
2026-07-20 20:17:41,192.168.0.107,502,1,1,241.0
2026-07-20 20:17:43,192.168.0.107,502,1,1,328.5287170410156
2026-07-20 20:17:46,192.168.0.107,502,1,1,241.0
2026-07-20 20:17:48,192.168.0.107,502,1,1,328.5287170410156
2026-07-20 20:17:50,192.168.0.107,502,1,1,241.0
2026-07-20 20:17:53,192.168.0.107,502,1,1,241.0
2026-07-20 20:17:55,192.168.0.107,502,1,1,328.5287170410156
2026-07-20 20:17:57,192.168.0.107,502,1,1,241.0
2026-07-20 20:18:00,192.168.0.107,502,1,1,328.5287170410156
2026-07-20 20:18:02,192.168.0.107,502,1,1,241.0
2026-07-20 20:18:04,192.168.0.107,502,1,1,241.0
2026-07-20 20:18:06,192.168.0.107,502,1,1,328.5287170410156
2026-07-20 20:18:09,192.168.0.107,502,1,1,241.0
2026-07-20 20:18:11,192.168.0.107,502,1,1,328.5287170410156
2026-07-20 20:18:13,192.168.0.107,502,1,1,241.0
2026-07-20 20:18:16,192.168.0.107,502,1,1,241.0
2026-07-20 20:18:18,192.168.0.107,502,1,1,328.5287170410156
2026-07-20 20:18:20,192.168.0.107,502,1,1,241.0
2026-07-20 20:18:23,192.168.0.107,502,1,1,328.5287170410156
2026-07-20 20:18:25,192.168.0.107,502,1,1,241.0
2026-07-20 20:18:27,192.168.0.107,502,1,1,241.0
2026-07-20 20:18:30,192.168.0.107,502,1,1,328.5287170410156
2026-07-20 20:18:32,192.168.0.107,502,1,1,241.0
2026-07-20 20:18:34,192.168.0.107,502,1,1,328.5287170410156
2026-07-20 20:18:36,192.168.0.107,502,1,1,241.0
2026-07-20 20:18:39,192.168.0.107,502,1,1,241.0
2026-07-20 20:18:41,192.168.0.107,502,1,1,328.5287170410156
2026-07-20 20:18:43,192.168.0.107,502,1,1,241.0
2026-07-20 20:18:46,192.168.0.107,502,1,1,328.5287170410156
2026-07-20 20:18:48,192.168.0.107,502,1,1,241.0
2026-07-20 20:18:51,192.168.0.107,502,1,1,241.0
2026-07-20 20:18:53,192.168.0.107,502,1,1,328.5287170410156
2026-07-20 20:18:55,192.168.0.107,502,1,1,241.0
2026-07-20 20:18:57,192.168.0.107,502,1,1,328.5287170410156
2026-07-20 20:19:00,192.168.0.107,502,1,1,241.0
2026-07-20 20:19:02,192.168.0.107,502,1,1,328.5287170410156
2026-07-20 20:19:04,192.168.0.107,502,1,1,241.0
2026-07-20 20:19:07,192.168.0.107,502,1,1,241.0
2026-07-20 20:19:09,192.168.0.107,502,1,1,328.5287170410156
2026-07-20 20:19:11,192.168.0.107,502,1,1,241.0
2026-07-20 20:19:13,192.168.0.107,502,1,1,328.5287170410156
2026-07-20 20:19:16,192.168.0.107,502,1,1,241.0
2026-07-20 20:19:18,192.168.0.107,502,1,1,241.0
2026-07-20 20:19:20,192.168.0.107,502,1,1,328.5287170410156
2026-07-20 20:19:23,192.168.0.107,502,1,1,241.0
2026-07-20 20:19:25,192.168.0.107,502,1,1,328.5287170410156
2026-07-20 20:19:27,192.168.0.107,502,1,1,241.0
2026-07-20 20:19:30,192.168.0.107,502,1,1,241.0
2026-07-20 20:19:32,192.168.0.107,502,1,1,328.5287170410156
2026-07-20 20:19:34,192.168.0.107,502,1,1,241.0
2026-07-20 20:19:36,192.168.0.107,502,1,1,328.5287170410156
2026-07-20 20:19:39,192.168.0.107,502,1,1,241.0
2026-07-20 20:19:41,192.168.0.107,502,1,1,241.0
2026-07-20 20:19:43,192.168.0.107,502,1,1,328.5287170410156
2026-07-20 20:19:46,192.168.0.107,502,1,1,241.0
2026-07-20 20:19:48,192.168.0.107,502,1,1,328.5287170410156
2026-07-20 20:20:08,192.168.0.107,502,1,1,241.0
2026-07-20 20:20:10,192.168.0.107,502,1,1,241.0
2026-07-20 20:20:12,192.168.0.107,502,1,1,241.0
2026-07-20 20:20:15,192.168.0.107,502,1,1,241.0
2026-07-20 20:20:17,192.168.0.107,502,1,1,241.0
2026-07-20 20:20:19,192.168.0.107,502,1,1,241.0
2026-07-20 20:20:22,192.168.0.107,502,1,1,241.0
2026-07-20 20:20:24,192.168.0.107,502,1,1,241.0
2026-07-20 20:20:26,192.168.0.107,502,1,1,241.0
2026-07-20 20:20:30,192.168.0.107,502,1,1,241.0
2026-07-20 20:20:32,192.168.0.107,502,1,1,241.0
2026-07-20 20:20:35,192.168.0.107,502,1,1,241.0
2026-07-20 20:20:37,192.168.0.107,502,1,1,241.0
2026-07-20 20:20:39,192.168.0.107,502,1,1,241.0
2026-07-20 20:20:42,192.168.0.107,502,1,1,241.0
2026-07-20 20:20:44,192.168.0.107,502,1,1,241.0
2026-07-20 20:20:46,192.168.0.107,502,1,1,241.0
2026-07-20 20:20:49,192.168.0.107,502,1,1,241.0
2026-07-20 20:20:51,192.168.0.107,502,1,1,241.0
2026-07-20 20:20:53,192.168.0.107,502,1,1,241.0
2026-07-20 20:20:56,192.168.0.107,502,1,1,241.0
2026-07-20 20:20:58,192.168.0.107,502,1,1,241.0
2026-07-20 20:21:00,192.168.0.107,502,1,1,241.0
2026-07-20 20:21:03,192.168.0.107,502,1,1,241.0
2026-07-20 20:21:05,192.168.0.107,502,1,1,241.0
2026-07-20 20:21:07,192.168.0.107,502,1,1,241.0
2026-07-20 20:21:10,192.168.0.107,502,1,1,241.0
2026-07-20 20:21:12,192.168.0.107,502,1,1,241.0
2026-07-20 20:21:15,192.168.0.107,502,1,1,241.0
2026-07-20 20:21:17,192.168.0.107,502,1,1,241.0
2026-07-20 20:21:19,192.168.0.107,502,1,1,241.0
2026-07-20 20:21:22,192.168.0.107,502,1,1,241.0
2026-07-20 20:21:24,192.168.0.107,502,1,1,328.5287170410156
2026-07-20 20:21:26,192.168.0.107,502,1,1,241.0
2026-07-20 20:21:28,192.168.0.107,502,1,1,328.5287170410156
2026-07-20 20:21:31,192.168.0.107,502,1,1,241.0
2026-07-20 20:21:33,192.168.0.107,502,1,1,241.0
2026-07-20 20:21:35,192.168.0.107,502,1,1,328.5287170410156
2026-07-20 20:21:38,192.168.0.107,502,1,1,241.0
2026-07-20 20:21:40,192.168.0.107,502,1,1,328.5287170410156
2026-07-20 20:21:42,192.168.0.107,502,1,1,241.0
2026-07-20 20:21:45,192.168.0.107,502,1,1,241.0
2026-07-20 20:21:47,192.168.0.107,502,1,1,328.5287170410156
2026-07-20 20:21:49,192.168.0.107,502,1,1,241.0
2026-07-20 20:21:52,192.168.0.107,502,1,1,328.5287170410156
2026-07-20 20:21:54,192.168.0.107,502,1,1,241.0
2026-07-20 20:21:56,192.168.0.107,502,1,1,241.0
2026-07-20 20:21:59,192.168.0.107,502,1,1,328.5287170410156
2026-07-20 20:22:01,192.168.0.107,502,1,1,241.0
2026-07-20 20:22:03,192.168.0.107,502,1,1,328.5287170410156
2026-07-20 20:22:06,192.168.0.107,502,1,1,241.0
2026-07-20 20:22:08,192.168.0.107,502,1,1,241.0
2026-07-20 20:22:10,192.168.0.107,502,1,1,328.5287170410156
2026-07-20 20:22:12,192.168.0.107,502,1,1,241.0
2026-07-20 20:22:15,192.168.0.107,502,1,1,328.5287170410156
2026-07-20 20:22:17,192.168.0.107,502,1,1,241.0
2026-07-20 20:22:19,192.168.0.107,502,1,1,241.0
2026-07-20 20:22:22,192.168.0.107,502,1,1,328.5287170410156
2026-07-20 20:22:24,192.168.0.107,502,1,1,240.0
2026-07-20 20:22:26,192.168.0.107,502,1,1,328.5287170410156
2026-07-20 20:22:29,192.168.0.107,502,1,1,241.0
2026-07-20 20:22:31,192.168.0.107,502,1,1,241.0
2026-07-20 20:22:33,192.168.0.107,502,1,1,328.5287170410156
2026-07-20 20:22:36,192.168.0.107,502,1,1,241.0
2026-07-20 20:22:38,192.168.0.107,502,1,1,328.5287170410156
2026-07-20 20:22:40,192.168.0.107,502,1,1,328.5287170410156
2026-07-20 20:22:42,192.168.0.107,502,1,1,241.0
2026-07-20 20:22:45,192.168.0.107,502,1,1,328.5287170410156
2026-07-20 20:22:47,192.168.0.107,502,1,1,241.0
2026-07-20 20:22:49,192.168.0.107,502,1,1,328.5287170410156
2026-07-20 20:22:52,192.168.0.107,502,1,1,241.0
2026-07-20 20:22:54,192.168.0.107,502,1,1,241.0
2026-07-20 20:22:56,192.168.0.107,502,1,1,328.5287170410156
2026-07-20 20:22:59,192.168.0.107,502,1,1,241.0
2026-07-20 20:23:01,192.168.0.107,502,1,1,328.5287170410156
2026-07-20 20:23:03,192.168.0.107,502,1,1,241.0
2026-07-20 20:23:06,192.168.0.107,502,1,1,241.0
2026-07-20 20:23:08,192.168.0.107,502,1,1,328.5287170410156
2026-07-20 20:23:10,192.168.0.107,502,1,1,241.0
2026-07-20 20:23:12,192.168.0.107,502,1,1,328.5287170410156
2026-07-20 20:23:15,192.168.0.107,502,1,1,241.0
2026-07-20 20:23:17,192.168.0.107,502,1,1,241.0
2026-07-20 20:23:19,192.168.0.107,502,1,1,241.0
2026-07-20 20:23:22,192.168.0.107,502,1,1,241.0
2026-07-20 20:23:24,192.168.0.107,502,1,1,241.0
2026-07-20 20:23:26,192.168.0.107,502,1,1,241.0
2026-07-20 20:23:29,192.168.0.107,502,1,1,241.0
2026-07-20 20:23:31,192.168.0.107,502,1,1,241.0
2026-07-20 20:23:33,192.168.0.107,502,1,1,241.0
2026-07-20 20:23:36,192.168.0.107,502,1,1,241.0
2026-07-20 20:23:38,192.168.0.107,502,1,1,241.0
2026-07-20 20:23:40,192.168.0.107,502,1,1,241.0
2026-07-20 20:23:42,192.168.0.107,502,1,1,241.0
2026-07-20 20:23:45,192.168.0.107,502,1,1,241.0
2026-07-20 20:23:47,192.168.0.107,502,1,1,241.0
2026-07-20 20:23:49,192.168.0.107,502,1,1,241.0
2026-07-20 20:23:52,192.168.0.107,502,1,1,241.0
2026-07-20 20:23:54,192.168.0.107,502,1,1,241.0
2026-07-20 20:23:56,192.168.0.107,502,1,1,241.0
2026-07-20 20:23:59,192.168.0.107,502,1,1,241.0
2026-07-20 20:24:01,192.168.0.107,502,1,1,241.0
2026-07-20 20:24:03,192.168.0.107,502,1,1,241.0
2026-07-20 20:24:05,192.168.0.107,502,1,1,241.0
2026-07-20 20:24:08,192.168.0.107,502,1,1,241.0
2026-07-20 20:24:10,192.168.0.107,502,1,1,241.0
2026-07-20 20:24:12,192.168.0.107,502,1,1,241.0
2026-07-20 20:24:15,192.168.0.107,502,1,1,328.5287170410156
2026-07-20 20:24:17,192.168.0.107,502,1,1,241.0
2026-07-20 20:24:19,192.168.0.107,502,1,1,328.5287170410156
2026-07-20 20:24:22,192.168.0.107,502,1,1,241.0
2026-07-20 20:24:24,192.168.0.107,502,1,1,241.0
2026-07-20 20:24:26,192.168.0.107,502,1,1,328.5287170410156
2026-07-20 20:24:28,192.168.0.107,502,1,1,241.0
2026-07-20 20:24:31,192.168.0.107,502,1,1,328.5287170410156
2026-07-20 20:24:33,192.168.0.107,502,1,1,241.0
2026-07-20 20:24:35,192.168.0.107,502,1,1,241.0
2026-07-20 20:24:38,192.168.0.107,502,1,1,328.5287170410156
2026-07-20 20:24:40,192.168.0.107,502,1,1,241.0
2026-07-20 20:24:42,192.168.0.107,502,1,1,328.5287170410156
2026-07-20 20:24:45,192.168.0.107,502,1,1,241.0
2026-07-20 20:24:47,192.168.0.107,502,1,1,241.0
2026-07-20 20:24:49,192.168.0.107,502,1,1,328.5287170410156
2026-07-20 20:24:52,192.168.0.107,502,1,1,241.0
2026-07-20 20:24:54,192.168.0.107,502,1,1,328.5287170410156
2026-07-20 20:24:56,192.168.0.107,502,1,1,241.0
2026-07-20 20:24:58,192.168.0.107,502,1,1,241.0
2026-07-20 20:25:01,192.168.0.107,502,1,1,328.5287170410156
2026-07-20 20:25:03,192.168.0.107,502,1,1,241.0
2026-07-20 20:25:05,192.168.0.107,502,1,1,328.5287170410156
2026-07-20 20:25:08,192.168.0.107,502,1,1,241.0
2026-07-20 20:25:10,192.168.0.107,502,1,1,241.0
2026-07-20 20:25:12,192.168.0.107,502,1,1,328.5287170410156
2026-07-20 20:25:15,192.168.0.107,502,1,1,241.0
2026-07-20 20:25:17,192.168.0.107,502,1,1,328.5287170410156
2026-07-20 20:25:19,192.168.0.107,502,1,1,241.0
2026-07-20 20:25:21,192.168.0.107,502,1,1,241.0
2026-07-20 20:25:24,192.168.0.107,502,1,1,328.5287170410156
2026-07-20 20:25:26,192.168.0.107,502,1,1,241.0
2026-07-20 20:25:28,192.168.0.107,502,1,1,328.5287170410156
2026-07-20 20:25:31,192.168.0.107,502,1,1,241.0
2026-07-20 20:25:33,192.168.0.107,502,1,1,241.0
2026-07-20 20:25:35,192.168.0.107,502,1,1,328.5287170410156
2026-07-20 20:25:38,192.168.0.107,502,1,1,241.0
2026-07-20 20:25:40,192.168.0.107,502,1,1,328.5287170410156
2026-07-20 20:25:42,192.168.0.107,502,1,1,241.0
2026-07-20 20:25:45,192.168.0.107,502,1,1,241.0
2026-07-20 20:25:47,192.168.0.107,502,1,1,328.5287170410156
2026-07-20 20:25:49,192.168.0.107,502,1,1,241.0
2026-07-20 20:25:51,192.168.0.107,502,1,1,328.5287170410156
2026-07-20 20:25:54,192.168.0.107,502,1,1,241.0
2026-07-20 20:25:56,192.168.0.107,502,1,1,328.5287170410156
2026-07-20 20:25:58,192.168.0.107,502,1,1,241.0
2026-07-20 20:26:01,192.168.0.107,502,1,1,241.0
2026-07-20 20:26:03,192.168.0.107,502,1,1,328.5287170410156
2026-07-20 20:26:05,192.168.0.107,502,1,1,241.0
2026-07-20 20:26:08,192.168.0.107,502,1,1,328.5287170410156
2026-07-20 20:26:10,192.168.0.107,502,1,1,241.0
2026-07-20 20:26:12,192.168.0.107,502,1,1,241.0
2026-07-20 20:26:15,192.168.0.107,502,1,1,328.5287170410156
2026-07-20 20:26:17,192.168.0.107,502,1,1,241.0
2026-07-20 20:26:19,192.168.0.107,502,1,1,328.5287170410156
2026-07-20 20:26:22,192.168.0.107,502,1,1,241.0
2026-07-20 20:26:24,192.168.0.107,502,1,1,241.0
2026-07-20 20:26:26,192.168.0.107,502,1,1,328.5287170410156
2026-07-20 20:26:29,192.168.0.107,502,1,1,241.0
2026-07-20 20:26:31,192.168.0.107,502,1,1,328.5287170410156
2026-07-20 20:26:33,192.168.0.107,502,1,1,328.5287170410156
2026-07-20 20:26:35,192.168.0.107,502,1,1,241.0
2026-07-20 20:26:38,192.168.0.107,502,1,1,328.5287170410156
2026-07-20 20:26:40,192.168.0.107,502,1,1,241.0
2026-07-20 20:26:42,192.168.0.107,502,1,1,328.5287170410156
2026-07-20 20:26:45,192.168.0.107,502,1,1,241.0
2026-07-20 20:26:47,192.168.0.107,502,1,1,241.0
2026-07-20 20:26:49,192.168.0.107,502,1,1,328.5287170410156
2026-07-20 20:26:52,192.168.0.107,502,1,1,241.0
2026-07-20 20:26:54,192.168.0.107,502,1,1,328.5287170410156
2026-07-20 20:26:56,192.168.0.107,502,1,1,241.0
2026-07-20 20:26:58,192.168.0.107,502,1,1,241.0
2026-07-20 20:27:01,192.168.0.107,502,1,1,328.5287170410156
2026-07-20 20:27:03,192.168.0.107,502,1,1,241.0
2026-07-20 20:27:05,192.168.0.107,502,1,1,328.5287170410156
2026-07-20 20:27:08,192.168.0.107,502,1,1,241.0
2026-07-20 20:27:10,192.168.0.107,502,1,1,241.0
2026-07-20 20:27:12,192.168.0.107,502,1,1,328.5287170410156
2026-07-20 20:27:14,192.168.0.107,502,1,1,241.0
2026-07-20 20:27:17,192.168.0.107,502,1,1,328.5287170410156
2026-07-20 20:27:19,192.168.0.107,502,1,1,241.0
2026-07-20 20:27:21,192.168.0.107,502,1,1,241.0
2026-07-20 20:27:24,192.168.0.107,502,1,1,328.5287170410156
2026-07-20 20:27:26,192.168.0.107,502,1,1,241.0
2026-07-20 20:27:28,192.168.0.107,502,1,1,328.5287170410156
2026-07-20 20:27:31,192.168.0.107,502,1,1,241.0
2026-07-20 20:27:33,192.168.0.107,502,1,1,241.0
2026-07-20 20:27:35,192.168.0.107,502,1,1,328.5287170410156
2026-07-20 20:27:38,192.168.0.107,502,1,1,241.0
2026-07-20 20:27:40,192.168.0.107,502,1,1,328.5287170410156
2026-07-20 20:27:42,192.168.0.107,502,1,1,241.0
2026-07-20 20:27:45,192.168.0.107,502,1,1,241.0
2026-07-20 20:27:47,192.168.0.107,502,1,1,328.5287170410156
2026-07-20 20:27:49,192.168.0.107,502,1,1,241.0
2026-07-20 20:27:52,192.168.0.107,502,1,1,328.5287170410156
2026-07-20 20:27:54,192.168.0.107,502,1,1,241.0
2026-07-20 20:27:56,192.168.0.107,502,1,1,241.0
2026-07-20 20:27:58,192.168.0.107,502,1,1,328.5287170410156
2026-07-20 20:28:01,192.168.0.107,502,1,1,241.0
2026-07-20 20:28:03,192.168.0.107,502,1,1,328.5287170410156
2026-07-20 20:28:05,192.168.0.107,502,1,1,241.0
2026-07-20 20:28:08,192.168.0.107,502,1,1,328.5287170410156
2026-07-20 20:28:10,192.168.0.107,502,1,1,241.0
2026-07-20 20:28:12,192.168.0.107,502,1,1,241.0
2026-07-20 20:28:15,192.168.0.107,502,1,1,328.5287170410156
2026-07-20 20:28:17,192.168.0.107,502,1,1,241.0
2026-07-20 20:28:19,192.168.0.107,502,1,1,328.5287170410156
2026-07-20 20:28:22,192.168.0.107,502,1,1,241.0
2026-07-20 20:28:24,192.168.0.107,502,1,1,328.5287170410156
2026-07-20 20:28:26,192.168.0.107,502,1,1,241.0
2026-07-20 20:28:28,192.168.0.107,502,1,1,241.0
2026-07-20 20:28:31,192.168.0.107,502,1,1,328.5287170410156
2026-07-20 20:28:33,192.168.0.107,502,1,1,241.0
2026-07-20 20:28:35,192.168.0.107,502,1,1,328.5287170410156
2026-07-20 20:28:38,192.168.0.107,502,1,1,241.0
2026-07-20 20:28:40,192.168.0.107,502,1,1,328.5287170410156
2026-07-20 20:28:42,192.168.0.107,502,1,1,241.0
2026-07-20 20:28:45,192.168.0.107,502,1,1,328.5287170410156
2026-07-20 20:28:47,192.168.0.107,502,1,1,240.0
2026-07-20 20:28:49,192.168.0.107,502,1,1,328.5287170410156
2026-07-20 20:28:52,192.168.0.107,502,1,1,240.0
2026-07-20 20:28:54,192.168.0.107,502,1,1,240.0
2026-07-20 20:28:56,192.168.0.107,502,1,1,328.5287170410156
2026-07-20 20:28:58,192.168.0.107,502,1,1,240.0
2026-07-20 20:29:01,192.168.0.107,502,1,1,328.5287170410156
2026-07-20 20:29:03,192.168.0.107,502,1,1,240.0
2026-07-20 20:29:05,192.168.0.107,502,1,1,240.0
2026-07-20 20:29:08,192.168.0.107,502,1,1,328.5287170410156
2026-07-20 20:29:10,192.168.0.107,502,1,1,240.0
2026-07-20 20:29:12,192.168.0.107,502,1,1,328.5287170410156
2026-07-20 20:29:15,192.168.0.107,502,1,1,240.0
2026-07-20 20:29:17,192.168.0.107,502,1,1,240.0
2026-07-20 20:29:19,192.168.0.107,502,1,1,328.5287170410156
2026-07-20 20:29:21,192.168.0.107,502,1,1,240.0
2026-07-20 20:29:24,192.168.0.107,502,1,1,328.5287170410156
2026-07-20 20:29:26,192.168.0.107,502,1,1,241.0
2026-07-20 20:29:28,192.168.0.107,502,1,1,328.5287170410156
2026-07-20 20:29:31,192.168.0.107,502,1,1,241.0
2026-07-20 20:29:33,192.168.0.107,502,1,1,241.0
2026-07-20 20:29:35,192.168.0.107,502,1,1,328.5287170410156
2026-07-20 20:29:38,192.168.0.107,502,1,1,241.0
2026-07-20 20:29:40,192.168.0.107,502,1,1,328.5287170410156
2026-07-20 20:29:42,192.168.0.107,502,1,1,241.0
2026-07-20 20:29:45,192.168.0.107,502,1,1,241.0
2026-07-20 20:29:47,192.168.0.107,502,1,1,328.5287170410156
2026-07-20 20:29:49,192.168.0.107,502,1,1,241.0
2026-07-20 20:29:51,192.168.0.107,502,1,1,328.5287170410156
2026-07-20 20:29:54,192.168.0.107,502,1,1,241.0
2026-07-20 20:29:56,192.168.0.107,502,1,1,241.0
2026-07-20 20:29:58,192.168.0.107,502,1,1,328.5287170410156
2026-07-20 20:30:01,192.168.0.107,502,1,1,241.0
2026-07-20 20:30:03,192.168.0.107,502,1,1,328.5287170410156
2026-07-20 20:30:05,192.168.0.107,502,1,1,240.0
2026-07-20 20:30:07,192.168.0.107,502,1,1,240.0
2026-07-20 20:30:10,192.168.0.107,502,1,1,328.5287170410156
2026-07-20 20:30:12,192.168.0.107,502,1,1,240.0
2026-07-20 20:30:14,192.168.0.107,502,1,1,328.5287170410156
2026-07-20 20:30:17,192.168.0.107,502,1,1,240.0
2026-07-20 20:30:19,192.168.0.107,502,1,1,328.5287170410156
2026-07-20 20:30:21,192.168.0.107,502,1,1,240.0
2026-07-20 20:30:24,192.168.0.107,502,1,1,240.0
2026-07-20 20:30:26,192.168.0.107,502,1,1,328.5287170410156
2026-07-20 20:30:28,192.168.0.107,502,1,1,240.0
2026-07-20 20:30:31,192.168.0.107,502,1,1,328.5287170410156
2026-07-20 20:30:33,192.168.0.107,502,1,1,240.0
2026-07-20 20:30:35,192.168.0.107,502,1,1,240.0
2026-07-20 20:30:38,192.168.0.107,502,1,1,328.5287170410156
2026-07-20 20:30:40,192.168.0.107,502,1,1,240.0
2026-07-20 20:30:42,192.168.0.107,502,1,1,328.5287170410156
2026-07-20 20:30:44,192.168.0.107,502,1,1,240.0
2026-07-20 20:30:47,192.168.0.107,502,1,1,241.0
2026-07-20 20:30:49,192.168.0.107,502,1,1,328.5287170410156
2026-07-20 20:30:51,192.168.0.107,502,1,1,241.0
2026-07-20 20:30:54,192.168.0.107,502,1,1,328.5287170410156
2026-07-20 20:30:56,192.168.0.107,502,1,1,240.0
2026-07-20 20:30:58,192.168.0.107,502,1,1,328.5287170410156
2026-07-20 20:31:01,192.168.0.107,502,1,1,240.0
2026-07-20 20:31:03,192.168.0.107,502,1,1,328.5287170410156
2026-07-20 20:31:05,192.168.0.107,502,1,1,240.0
2026-07-20 20:31:07,192.168.0.107,502,1,1,328.5287170410156
2026-07-20 20:31:10,192.168.0.107,502,1,1,240.0
2026-07-20 20:31:12,192.168.0.107,502,1,1,240.0
2026-07-20 20:31:14,192.168.0.107,502,1,1,328.5287170410156
2026-07-20 20:31:17,192.168.0.107,502,1,1,240.0
2026-07-20 20:31:19,192.168.0.107,502,1,1,328.5287170410156
2026-07-20 20:31:21,192.168.0.107,502,1,1,240.0
2026-07-20 20:31:24,192.168.0.107,502,1,1,240.0
2026-07-20 20:31:26,192.168.0.107,502,1,1,328.5287170410156
2026-07-20 20:31:28,192.168.0.107,502,1,1,240.0
2026-07-20 20:31:30,192.168.0.107,502,1,1,328.5287170410156
2026-07-20 20:31:33,192.168.0.107,502,1,1,240.0
2026-07-20 20:31:35,192.168.0.107,502,1,1,240.0
2026-07-20 20:31:37,192.168.0.107,502,1,1,328.5287170410156
2026-07-20 20:31:40,192.168.0.107,502,1,1,240.0
2026-07-20 20:31:42,192.168.0.107,502,1,1,328.5287170410156
2026-07-20 20:31:44,192.168.0.107,502,1,1,328.5287170410156
2026-07-20 20:31:47,192.168.0.107,502,1,1,240.0
2026-07-20 20:31:49,192.168.0.107,502,1,1,328.5287170410156
2026-07-20 20:31:51,192.168.0.107,502,1,1,240.0
2026-07-20 20:31:54,192.168.0.107,502,1,1,328.5287170410156
2026-07-20 20:31:56,192.168.0.107,502,1,1,240.0
2026-07-20 20:31:58,192.168.0.107,502,1,1,240.0
2026-07-20 20:32:01,192.168.0.107,502,1,1,328.5287170410156
2026-07-20 20:32:03,192.168.0.107,502,1,1,240.0
2026-07-20 20:32:05,192.168.0.107,502,1,1,328.5287170410156
2026-07-20 20:32:07,192.168.0.107,502,1,1,240.0
2026-07-20 20:32:10,192.168.0.107,502,1,1,240.0
2026-07-20 20:32:12,192.168.0.107,502,1,1,328.5287170410156
2026-07-20 20:32:14,192.168.0.107,502,1,1,240.0
2026-07-20 20:32:17,192.168.0.107,502,1,1,328.5287170410156
2026-07-20 20:32:19,192.168.0.107,502,1,1,240.0
2026-07-20 20:32:21,192.168.0.107,502,1,1,240.0
2026-07-20 20:32:24,192.168.0.107,502,1,1,328.5287170410156
2026-07-20 20:32:26,192.168.0.107,502,1,1,240.0
2026-07-20 20:32:28,192.168.0.107,502,1,1,328.5287170410156
2026-07-20 20:32:30,192.168.0.107,502,1,1,328.5287170410156
2026-07-20 20:32:33,192.168.0.107,502,1,1,240.0
2026-07-20 20:32:35,192.168.0.107,502,1,1,328.5287170410156
2026-07-20 20:32:37,192.168.0.107,502,1,1,240.0
2026-07-20 20:32:40,192.168.0.107,502,1,1,328.5287170410156
2026-07-20 20:32:42,192.168.0.107,502,1,1,240.0
2026-07-20 20:32:44,192.168.0.107,502,1,1,240.0
2026-07-20 20:32:46,192.168.0.107,502,1,1,328.5287170410156
2026-07-20 20:32:49,192.168.0.107,502,1,1,240.0
2026-07-20 20:32:51,192.168.0.107,502,1,1,328.5287170410156
2026-07-20 20:32:53,192.168.0.107,502,1,1,240.0
2026-07-20 20:32:56,192.168.0.107,502,1,1,240.0
2026-07-20 20:32:58,192.168.0.107,502,1,1,328.5287170410156
2026-07-20 20:33:00,192.168.0.107,502,1,1,240.0
2026-07-20 20:33:03,192.168.0.107,502,1,1,328.5287170410156
2026-07-20 20:33:05,192.168.0.107,502,1,1,240.0
2026-07-20 20:33:07,192.168.0.107,502,1,1,240.0
2026-07-20 20:33:09,192.168.0.107,502,1,1,328.5287170410156
2026-07-20 20:33:12,192.168.0.107,502,1,1,240.0
2026-07-20 20:33:14,192.168.0.107,502,1,1,328.5287170410156
2026-07-20 20:33:16,192.168.0.107,502,1,1,241.0
2026-07-20 20:33:21,192.168.0.107,502,1,1,240.0
2026-07-20 20:33:23,192.168.0.107,502,1,1,240.0
2026-07-20 20:33:26,192.168.0.107,502,1,1,240.0
2026-07-20 20:33:28,192.168.0.107,502,1,1,240.0
2026-07-20 20:33:31,192.168.0.107,502,1,1,240.0
2026-07-20 20:33:33,192.168.0.107,502,1,1,240.0
2026-07-20 20:33:35,192.168.0.107,502,1,1,240.0
2026-07-20 20:33:38,192.168.0.107,502,1,1,240.0
2026-07-20 20:33:40,192.168.0.107,502,1,1,240.0
2026-07-20 20:33:42,192.168.0.107,502,1,1,240.0
2026-07-20 20:33:45,192.168.0.107,502,1,1,240.0
2026-07-20 20:33:47,192.168.0.107,502,1,1,240.0
2026-07-20 20:33:49,192.168.0.107,502,1,1,240.0
2026-07-20 20:33:52,192.168.0.107,502,1,1,240.0
2026-07-20 20:33:54,192.168.0.107,502,1,1,240.0
2026-07-20 20:33:56,192.168.0.107,502,1,1,240.0
2026-07-20 20:33:59,192.168.0.107,502,1,1,240.0
2026-07-20 20:34:01,192.168.0.107,502,1,1,240.0
2026-07-20 20:34:04,192.168.0.107,502,1,1,240.0
2026-07-20 20:34:06,192.168.0.107,502,1,1,240.0
2026-07-20 20:34:08,192.168.0.107,502,1,1,240.0
2026-07-20 20:34:11,192.168.0.107,502,1,1,240.0
2026-07-20 20:34:13,192.168.0.107,502,1,1,240.0
2026-07-20 20:34:15,192.168.0.107,502,1,1,240.0
2026-07-20 20:34:18,192.168.0.107,502,1,1,240.0
2026-07-20 20:34:20,192.168.0.107,502,1,1,240.0
2026-07-20 20:34:22,192.168.0.107,502,1,1,240.0
2026-07-20 20:34:25,192.168.0.107,502,1,1,240.0
2026-07-20 20:34:27,192.168.0.107,502,1,1,240.0
2026-07-20 20:34:29,192.168.0.107,502,1,1,241.0
2026-07-20 20:34:32,192.168.0.107,502,1,1,240.0
2026-07-20 20:34:34,192.168.0.107,502,1,1,240.0
2026-07-20 20:34:37,192.168.0.107,502,1,1,240.0
2026-07-20 20:34:39,192.168.0.107,502,1,1,241.0
2026-07-20 20:34:41,192.168.0.107,502,1,1,240.0
2026-07-20 20:34:44,192.168.0.107,502,1,1,241.0
2026-07-20 20:34:46,192.168.0.107,502,1,1,241.0
2026-07-20 20:34:48,192.168.0.107,502,1,1,241.0
2026-07-20 20:34:51,192.168.0.107,502,1,1,241.0
2026-07-20 20:34:53,192.168.0.107,502,1,1,241.0
2026-07-20 20:34:55,192.168.0.107,502,1,1,240.0
2026-07-20 20:34:58,192.168.0.107,502,1,1,240.0
2026-07-20 20:35:00,192.168.0.107,502,1,1,240.0
2026-07-20 20:35:03,192.168.0.107,502,1,1,240.0
2026-07-20 20:35:05,192.168.0.107,502,1,1,240.0
2026-07-20 20:35:07,192.168.0.107,502,1,1,240.0
2026-07-20 20:35:10,192.168.0.107,502,1,1,240.0
2026-07-20 20:35:12,192.168.0.107,502,1,1,240.0
2026-07-20 20:35:14,192.168.0.107,502,1,1,240.0
2026-07-20 20:35:17,192.168.0.107,502,1,1,240.0
2026-07-20 20:35:19,192.168.0.107,502,1,1,240.0
2026-07-20 20:35:21,192.168.0.107,502,1,1,240.0
2026-07-20 20:35:24,192.168.0.107,502,1,1,240.0
2026-07-20 20:35:26,192.168.0.107,502,1,1,240.0
2026-07-20 20:35:29,192.168.0.107,502,1,1,240.0
2026-07-20 20:35:31,192.168.0.107,502,1,1,241.0
2026-07-20 20:35:33,192.168.0.107,502,1,1,240.0
2026-07-20 20:35:36,192.168.0.107,502,1,1,240.0
2026-07-20 20:35:38,192.168.0.107,502,1,1,240.0
2026-07-20 20:35:40,192.168.0.107,502,1,1,240.0
2026-07-20 20:35:43,192.168.0.107,502,1,1,240.0
2026-07-20 20:35:45,192.168.0.107,502,1,1,240.0
2026-07-20 20:35:48,192.168.0.107,502,1,1,240.0
2026-07-20 20:35:50,192.168.0.107,502,1,1,240.0
2026-07-20 20:35:53,192.168.0.107,502,1,1,240.0
2026-07-20 20:35:55,192.168.0.107,502,1,1,240.0
2026-07-20 20:35:58,192.168.0.107,502,1,1,240.0
2026-07-20 20:36:00,192.168.0.107,502,1,1,240.0
2026-07-20 20:36:02,192.168.0.107,502,1,1,240.0
2026-07-20 20:36:05,192.168.0.107,502,1,1,240.0
2026-07-20 20:36:07,192.168.0.107,502,1,1,240.0
2026-07-20 20:36:09,192.168.0.107,502,1,1,240.0
2026-07-20 20:36:12,192.168.0.107,502,1,1,240.0
2026-07-20 20:36:14,192.168.0.107,502,1,1,240.0
2026-07-20 20:36:16,192.168.0.107,502,1,1,240.0
2026-07-20 20:36:19,192.168.0.107,502,1,1,240.0
2026-07-20 20:36:21,192.168.0.107,502,1,1,240.0
2026-07-20 20:36:24,192.168.0.107,502,1,1,240.0
2026-07-20 20:36:26,192.168.0.107,502,1,1,240.0
2026-07-20 20:36:28,192.168.0.107,502,1,1,240.0
2026-07-20 20:36:31,192.168.0.107,502,1,1,240.0
2026-07-20 20:36:33,192.168.0.107,502,1,1,240.0
2026-07-20 20:36:35,192.168.0.107,502,1,1,240.0
2026-07-20 20:36:38,192.168.0.107,502,1,1,240.0
2026-07-20 20:36:40,192.168.0.107,502,1,1,240.0
2026-07-20 20:36:42,192.168.0.107,502,1,1,240.0
2026-07-20 20:36:45,192.168.0.107,502,1,1,240.0
2026-07-20 20:37:05,192.168.0.107,502,1,1,240.0
2026-07-20 20:37:07,192.168.0.107,502,1,1,240.0
2026-07-20 20:37:09,192.168.0.107,502,1,1,240.0
2026-07-20 20:37:12,192.168.0.107,502,1,1,240.0
2026-07-20 20:37:14,192.168.0.107,502,1,1,240.0
2026-07-20 20:37:16,192.168.0.107,502,1,1,240.0
2026-07-20 20:37:19,192.168.0.107,502,1,1,240.0
2026-07-20 20:37:21,192.168.0.107,502,1,1,240.0
2026-07-20 20:37:23,192.168.0.107,502,1,1,240.0
2026-07-20 20:37:26,192.168.0.107,502,1,1,240.0
2026-07-20 20:37:28,192.168.0.107,502,1,1,240.0
2026-07-20 20:37:30,192.168.0.107,502,1,1,240.0
2026-07-20 20:37:33,192.168.0.107,502,1,1,240.0
2026-07-20 20:37:35,192.168.0.107,502,1,1,240.0
2026-07-20 20:37:37,192.168.0.107,502,1,1,240.0
2026-07-20 20:37:40,192.168.0.107,502,1,1,240.0
2026-07-20 20:37:42,192.168.0.107,502,1,1,239.0
2026-07-20 20:37:44,192.168.0.107,502,1,1,239.0
2026-07-20 20:37:47,192.168.0.107,502,1,1,239.0
2026-07-20 20:37:49,192.168.0.107,502,1,1,239.0
2026-07-20 20:37:51,192.168.0.107,502,1,1,239.0
2026-07-20 20:37:54,192.168.0.107,502,1,1,239.0
2026-07-20 20:37:56,192.168.0.107,502,1,1,239.0
2026-07-20 20:37:58,192.168.0.107,502,1,1,239.0
2026-07-20 20:38:01,192.168.0.107,502,1,1,239.0
2026-07-20 20:38:03,192.168.0.107,502,1,1,239.0
2026-07-20 20:38:05,192.168.0.107,502,1,1,239.0
2026-07-20 20:38:08,192.168.0.107,502,1,1,239.0
2026-07-20 20:38:10,192.168.0.107,502,1,1,239.0
2026-07-20 20:38:12,192.168.0.107,502,1,1,239.0
2026-07-20 20:38:15,192.168.0.107,502,1,1,239.0
2026-07-20 20:38:17,192.168.0.107,502,1,1,239.0
2026-07-20 20:38:19,192.168.0.107,502,1,1,239.0
2026-07-20 20:38:22,192.168.0.107,502,1,1,239.0
2026-07-20 20:38:24,192.168.0.107,502,1,1,239.0
2026-07-20 20:38:26,192.168.0.107,502,1,1,239.0
2026-07-20 20:38:29,192.168.0.107,502,1,1,239.0
2026-07-20 20:38:31,192.168.0.107,502,1,1,239.0
2026-07-20 20:38:33,192.168.0.107,502,1,1,239.0
2026-07-20 20:38:36,192.168.0.107,502,1,1,239.0
2026-07-20 20:38:38,192.168.0.107,502,1,1,239.0
2026-07-20 20:38:40,192.168.0.107,502,1,1,239.0
2026-07-20 20:38:43,192.168.0.107,502,1,1,239.0
2026-07-20 20:38:45,192.168.0.107,502,1,1,239.0
2026-07-20 20:38:47,192.168.0.107,502,1,1,239.0
2026-07-20 20:38:50,192.168.0.107,502,1,1,239.0
2026-07-20 20:38:52,192.168.0.107,502,1,1,239.0
2026-07-20 20:38:54,192.168.0.107,502,1,1,240.0
2026-07-20 20:38:57,192.168.0.107,502,1,1,240.0
2026-07-20 20:38:59,192.168.0.107,502,1,1,240.0
2026-07-20 20:39:01,192.168.0.107,502,1,1,240.0
2026-07-20 20:39:04,192.168.0.107,502,1,1,240.0
2026-07-20 20:39:06,192.168.0.107,502,1,1,240.0
2026-07-20 20:39:08,192.168.0.107,502,1,1,240.0
2026-07-20 20:39:11,192.168.0.107,502,1,1,240.0
2026-07-20 20:39:13,192.168.0.107,502,1,1,240.0
2026-07-20 20:39:15,192.168.0.107,502,1,1,240.0
2026-07-20 20:39:18,192.168.0.107,502,1,1,240.0
2026-07-20 20:39:20,192.168.0.107,502,1,1,239.0
2026-07-20 20:39:22,192.168.0.107,502,1,1,239.0
2026-07-20 20:39:24,192.168.0.107,502,1,1,239.0
2026-07-20 20:39:27,192.168.0.107,502,1,1,239.0
2026-07-20 20:39:29,192.168.0.107,502,1,1,239.0
2026-07-20 20:39:31,192.168.0.107,502,1,1,239.0
2026-07-20 20:39:55,192.168.0.107,502,1,1,240.0
2026-07-20 20:39:58,192.168.0.107,502,1,1,240.0
2026-07-20 20:40:00,192.168.0.107,502,1,1,240.0
2026-07-20 20:40:02,192.168.0.107,502,1,1,239.0
2026-07-20 20:40:05,192.168.0.107,502,1,1,240.0
2026-07-20 20:40:07,192.168.0.107,502,1,1,240.0
2026-07-20 20:40:09,192.168.0.107,502,1,1,240.0
2026-07-20 20:40:12,192.168.0.107,502,1,1,240.0
2026-07-20 20:40:14,192.168.0.107,502,1,1,240.0
2026-07-20 20:40:16,192.168.0.107,502,1,1,239.0
2026-07-20 20:40:19,192.168.0.107,502,1,1,239.0
2026-07-20 20:40:21,192.168.0.107,502,1,1,239.0
2026-07-20 20:40:23,192.168.0.107,502,1,1,239.0
2026-07-20 20:40:26,192.168.0.107,502,1,1,239.0
2026-07-20 20:40:28,192.168.0.107,502,1,1,239.0
2026-07-20 20:40:30,192.168.0.107,502,1,1,239.0
2026-07-20 20:40:33,192.168.0.107,502,1,1,239.0
2026-07-20 20:40:35,192.168.0.107,502,1,1,239.0
2026-07-20 20:40:38,192.168.0.107,502,1,1,239.0
2026-07-20 20:40:43,192.168.0.107,502,1,1,239.0
2026-07-20 20:40:51,192.168.0.107,502,1,1,239.0
2026-07-20 20:40:53,192.168.0.107,502,1,1,239.0
2026-07-20 20:40:55,192.168.0.107,502,1,1,239.0
2026-07-20 20:40:58,192.168.0.107,502,1,1,239.0
2026-07-20 20:41:00,192.168.0.107,502,1,1,239.0
2026-07-20 20:41:03,192.168.0.107,502,1,1,239.0
2026-07-20 20:41:05,192.168.0.107,502,1,1,239.0
2026-07-20 20:41:08,192.168.0.107,502,1,1,240.0
2026-07-20 20:41:10,192.168.0.107,502,1,1,239.0
2026-07-20 20:41:12,192.168.0.107,502,1,1,239.0
2026-07-20 20:41:15,192.168.0.107,502,1,1,239.0
2026-07-20 20:41:17,192.168.0.107,502,1,1,240.0
2026-07-20 20:41:20,192.168.0.107,502,1,1,240.0
2026-07-20 20:41:22,192.168.0.107,502,1,1,239.0
2026-07-20 20:41:28,192.168.0.107,502,1,1,239.0
2026-07-20 20:41:31,192.168.0.107,502,1,1,239.0
2026-07-20 20:41:33,192.168.0.107,502,1,1,239.0
2026-07-20 20:41:36,192.168.0.107,502,1,1,239.0
2026-07-20 20:41:38,192.168.0.107,502,1,1,240.0
2026-07-20 20:41:40,192.168.0.107,502,1,1,239.0
2026-07-20 20:41:43,192.168.0.107,502,1,1,239.0
2026-07-20 20:41:45,192.168.0.107,502,1,1,239.0
2026-07-20 20:41:47,192.168.0.107,502,1,1,239.0
2026-07-20 20:41:50,192.168.0.107,502,1,1,239.0
2026-07-20 20:41:52,192.168.0.107,502,1,1,239.0
2026-07-20 20:41:54,192.168.0.107,502,1,1,240.0
2026-07-20 20:41:57,192.168.0.107,502,1,1,239.0
2026-07-20 20:41:59,192.168.0.107,502,1,1,239.0
2026-07-20 20:42:01,192.168.0.107,502,1,1,240.0
2026-07-20 20:42:04,192.168.0.107,502,1,1,239.0
2026-07-20 20:42:06,192.168.0.107,502,1,1,239.0
2026-07-20 20:42:08,192.168.0.107,502,1,1,239.0
2026-07-20 20:42:11,192.168.0.107,502,1,1,239.0
2026-07-20 20:42:13,192.168.0.107,502,1,1,239.0
2026-07-20 20:42:15,192.168.0.107,502,1,1,239.0
2026-07-20 20:42:18,192.168.0.107,502,1,1,239.0
2026-07-20 20:42:20,192.168.0.107,502,1,1,239.0
2026-07-20 20:42:22,192.168.0.107,502,1,1,239.0
2026-07-20 20:42:25,192.168.0.107,502,1,1,239.0
2026-07-20 20:42:27,192.168.0.107,502,1,1,239.0
2026-07-20 20:42:30,192.168.0.107,502,1,1,239.0
2026-07-20 20:42:32,192.168.0.107,502,1,1,239.0
2026-07-20 20:42:34,192.168.0.107,502,1,1,239.0
2026-07-20 20:42:37,192.168.0.107,502,1,1,239.0
2026-07-20 20:42:39,192.168.0.107,502,1,1,238.0
2026-07-20 20:42:41,192.168.0.107,502,1,1,239.0
2026-07-20 20:42:44,192.168.0.107,502,1,1,239.0
2026-07-20 20:42:46,192.168.0.107,502,1,1,239.0
2026-07-20 20:42:48,192.168.0.107,502,1,1,239.0
2026-07-20 20:42:51,192.168.0.107,502,1,1,239.0
2026-07-20 20:42:53,192.168.0.107,502,1,1,239.0
2026-07-20 20:42:55,192.168.0.107,502,1,1,239.0
2026-07-20 20:42:58,192.168.0.107,502,1,1,239.0
2026-07-20 20:43:00,192.168.0.107,502,1,1,239.0
2026-07-20 20:43:03,192.168.0.107,502,1,1,239.0
2026-07-20 20:43:05,192.168.0.107,502,1,1,239.0
2026-07-20 20:43:07,192.168.0.107,502,1,1,239.0
2026-07-20 20:43:10,192.168.0.107,502,1,1,239.0
2026-07-20 20:43:12,192.168.0.107,502,1,1,239.0
2026-07-20 20:43:14,192.168.0.107,502,1,1,239.0
2026-07-20 20:43:17,192.168.0.107,502,1,1,239.0
2026-07-20 20:43:19,192.168.0.107,502,1,1,239.0
2026-07-20 20:43:21,192.168.0.107,502,1,1,239.0
2026-07-20 20:43:24,192.168.0.107,502,1,1,239.0
2026-07-20 20:43:26,192.168.0.107,502,1,1,239.0
2026-07-20 20:43:28,192.168.0.107,502,1,1,239.0
2026-07-20 20:43:31,192.168.0.107,502,1,1,239.0
2026-07-20 20:43:33,192.168.0.107,502,1,1,239.0
2026-07-20 20:43:35,192.168.0.107,502,1,1,239.0
2026-07-20 20:43:38,192.168.0.107,502,1,1,239.0
2026-07-20 20:43:40,192.168.0.107,502,1,1,239.0
2026-07-20 20:43:42,192.168.0.107,502,1,1,239.0
2026-07-20 20:43:45,192.168.0.107,502,1,1,239.0
2026-07-20 20:43:47,192.168.0.107,502,1,1,239.0
2026-07-20 20:43:49,192.168.0.107,502,1,1,239.0
2026-07-20 20:43:52,192.168.0.107,502,1,1,239.0
2026-07-20 20:43:54,192.168.0.107,502,1,1,239.0
2026-07-20 20:43:56,192.168.0.107,502,1,1,239.0
2026-07-20 20:43:59,192.168.0.107,502,1,1,239.0
2026-07-20 20:44:01,192.168.0.107,502,1,1,239.0
2026-07-20 20:44:04,192.168.0.107,502,1,1,239.0
2026-07-20 20:44:06,192.168.0.107,502,1,1,239.0
2026-07-20 20:44:08,192.168.0.107,502,1,1,239.0
2026-07-20 20:44:11,192.168.0.107,502,1,1,239.0
2026-07-20 20:44:13,192.168.0.107,502,1,1,239.0
2026-07-20 20:44:15,192.168.0.107,502,1,1,239.0
2026-07-20 20:44:18,192.168.0.107,502,1,1,239.0
2026-07-20 20:44:20,192.168.0.107,502,1,1,239.0
2026-07-20 20:44:22,192.168.0.107,502,1,1,239.0
2026-07-20 20:44:25,192.168.0.107,502,1,1,239.0
2026-07-20 20:44:27,192.168.0.107,502,1,1,239.0
2026-07-20 20:44:29,192.168.0.107,502,1,1,239.0
2026-07-20 20:44:32,192.168.0.107,502,1,1,239.0
2026-07-20 20:44:34,192.168.0.107,502,1,1,239.0
2026-07-20 20:44:37,192.168.0.107,502,1,1,239.0
2026-07-20 20:44:39,192.168.0.107,502,1,1,239.0
2026-07-20 20:44:41,192.168.0.107,502,1,1,239.0
2026-07-20 20:44:43,192.168.0.107,502,1,1,239.0
2026-07-20 20:44:46,192.168.0.107,502,1,1,239.0
2026-07-20 20:44:48,192.168.0.107,502,1,1,239.0
2026-07-20 20:44:51,192.168.0.107,502,1,1,239.0
2026-07-20 20:44:53,192.168.0.107,502,1,1,239.0
2026-07-20 20:44:55,192.168.0.107,502,1,1,239.0
2026-07-20 20:44:58,192.168.0.107,502,1,1,238.0
2026-07-20 20:45:00,192.168.0.107,502,1,1,238.0
2026-07-20 20:45:02,192.168.0.107,502,1,1,239.0
2026-07-20 20:45:05,192.168.0.107,502,1,1,239.0
2026-07-20 20:45:07,192.168.0.107,502,1,1,239.0
2026-07-20 20:45:10,192.168.0.107,502,1,1,239.0
2026-07-20 20:45:12,192.168.0.107,502,1,1,239.0
2026-07-20 20:45:14,192.168.0.107,502,1,1,239.0
2026-07-20 20:45:17,192.168.0.107,502,1,1,239.0
